-- Beschränkungen
INSERT INTO BESCHRAENKUNG (ID, BESCHRAENKUNGNAME) VALUES (1001, "Laktose") ;
INSERT INTO BESCHRAENKUNG (ID, BESCHRAENKUNGNAME) VALUES (1002, "Gluten") ;
INSERT INTO BESCHRAENKUNG (ID, BESCHRAENKUNGNAME) VALUES (1003, "Nuss") ;
INSERT INTO BESCHRAENKUNG (ID, BESCHRAENKUNGNAME) VALUES (1004, "Fruktose") ;

INSERT INTO REF_BESCHRAENKUNG (REF_BESCHRAENKUNG_ID, REF_ZUTAT_ZUTATENNR) VALUES (1001,3001);
INSERT INTO REF_BESCHRAENKUNG (REF_BESCHRAENKUNG_ID, REF_ZUTAT_ZUTATENNR) VALUES (1001,3002);
INSERT INTO REF_BESCHRAENKUNG (REF_BESCHRAENKUNG_ID, REF_ZUTAT_ZUTATENNR) VALUES (1001,3003);
INSERT INTO REF_BESCHRAENKUNG (REF_BESCHRAENKUNG_ID, REF_ZUTAT_ZUTATENNR) VALUES (1001,4001);
INSERT INTO REF_BESCHRAENKUNG (REF_BESCHRAENKUNG_ID, REF_ZUTAT_ZUTATENNR) VALUES (1004,2001);
INSERT INTO REF_BESCHRAENKUNG (REF_BESCHRAENKUNG_ID, REF_ZUTAT_ZUTATENNR) VALUES (1004,1011);
INSERT INTO REF_BESCHRAENKUNG (REF_BESCHRAENKUNG_ID, REF_ZUTAT_ZUTATENNR) VALUES (1002,6408);


-- Ernährungskategorie
INSERT INTO ERNAEHRUNGSKATEGORIE (ID, ERNAEHRUNGSKATEGORIENAME) VALUES (1001, "Vegan");
INSERT INTO ERNAEHRUNGSKATEGORIE (ID, ERNAEHRUNGSKATEGORIENAME) VALUES (1002, "Vegetarisch");
INSERT INTO ERNAEHRUNGSKATEGORIE (ID, ERNAEHRUNGSKATEGORIENAME) VALUES (1003, "Low Carb");
INSERT INTO ERNAEHRUNGSKATEGORIE (ID, ERNAEHRUNGSKATEGORIENAME) VALUES (1004, "High Carb");

INSERT INTO REF_ERNAEHRUNGSKATEGORIE (REF_ERNAEHRUNGSKATEGORIE_ID, REF_ZUTAT_ZUTATENNR) VALUES (1001,1001);
INSERT INTO REF_ERNAEHRUNGSKATEGORIE (REF_ERNAEHRUNGSKATEGORIE_ID, REF_ZUTAT_ZUTATENNR) VALUES (1001,1002);
INSERT INTO REF_ERNAEHRUNGSKATEGORIE (REF_ERNAEHRUNGSKATEGORIE_ID, REF_ZUTAT_ZUTATENNR) VALUES (1001,1003);
INSERT INTO REF_ERNAEHRUNGSKATEGORIE (REF_ERNAEHRUNGSKATEGORIE_ID, REF_ZUTAT_ZUTATENNR) VALUES (1001,1004);
INSERT INTO REF_ERNAEHRUNGSKATEGORIE (REF_ERNAEHRUNGSKATEGORIE_ID, REF_ZUTAT_ZUTATENNR) VALUES (1001,1005);
INSERT INTO REF_ERNAEHRUNGSKATEGORIE (REF_ERNAEHRUNGSKATEGORIE_ID, REF_ZUTAT_ZUTATENNR) VALUES (1001,1006);
INSERT INTO REF_ERNAEHRUNGSKATEGORIE (REF_ERNAEHRUNGSKATEGORIE_ID, REF_ZUTAT_ZUTATENNR) VALUES (1001,1007);
INSERT INTO REF_ERNAEHRUNGSKATEGORIE (REF_ERNAEHRUNGSKATEGORIE_ID, REF_ZUTAT_ZUTATENNR) VALUES (1001,1008);
INSERT INTO REF_ERNAEHRUNGSKATEGORIE (REF_ERNAEHRUNGSKATEGORIE_ID, REF_ZUTAT_ZUTATENNR) VALUES (1001,1009);
INSERT INTO REF_ERNAEHRUNGSKATEGORIE (REF_ERNAEHRUNGSKATEGORIE_ID, REF_ZUTAT_ZUTATENNR) VALUES (1001,1010);
INSERT INTO REF_ERNAEHRUNGSKATEGORIE (REF_ERNAEHRUNGSKATEGORIE_ID, REF_ZUTAT_ZUTATENNR) VALUES (1001,1011);
INSERT INTO REF_ERNAEHRUNGSKATEGORIE (REF_ERNAEHRUNGSKATEGORIE_ID, REF_ZUTAT_ZUTATENNR) VALUES (1001,1012);
INSERT INTO REF_ERNAEHRUNGSKATEGORIE (REF_ERNAEHRUNGSKATEGORIE_ID, REF_ZUTAT_ZUTATENNR) VALUES (1001,2001);
INSERT INTO REF_ERNAEHRUNGSKATEGORIE (REF_ERNAEHRUNGSKATEGORIE_ID, REF_ZUTAT_ZUTATENNR) VALUES (1001,6300);
INSERT INTO REF_ERNAEHRUNGSKATEGORIE (REF_ERNAEHRUNGSKATEGORIE_ID, REF_ZUTAT_ZUTATENNR) VALUES (1001,6408);
INSERT INTO REF_ERNAEHRUNGSKATEGORIE (REF_ERNAEHRUNGSKATEGORIE_ID, REF_ZUTAT_ZUTATENNR) VALUES (1001,7043);
INSERT INTO REF_ERNAEHRUNGSKATEGORIE (REF_ERNAEHRUNGSKATEGORIE_ID, REF_ZUTAT_ZUTATENNR) VALUES (1001,9001);

INSERT INTO REF_ERNAEHRUNGSKATEGORIE (REF_ERNAEHRUNGSKATEGORIE_ID, REF_ZUTAT_ZUTATENNR) VALUES (1002,3001);
INSERT INTO REF_ERNAEHRUNGSKATEGORIE (REF_ERNAEHRUNGSKATEGORIE_ID, REF_ZUTAT_ZUTATENNR) VALUES (1002,3002);
INSERT INTO REF_ERNAEHRUNGSKATEGORIE (REF_ERNAEHRUNGSKATEGORIE_ID, REF_ZUTAT_ZUTATENNR) VALUES (1002,3003);
INSERT INTO REF_ERNAEHRUNGSKATEGORIE (REF_ERNAEHRUNGSKATEGORIE_ID, REF_ZUTAT_ZUTATENNR) VALUES (1002,4001);

INSERT INTO REF_ERNAEHRUNGSKATEGORIE (REF_ERNAEHRUNGSKATEGORIE_ID, REF_ZUTAT_ZUTATENNR) VALUES (1003,1008);
INSERT INTO REF_ERNAEHRUNGSKATEGORIE (REF_ERNAEHRUNGSKATEGORIE_ID, REF_ZUTAT_ZUTATENNR) VALUES (1003,1007);

INSERT INTO REF_ERNAEHRUNGSKATEGORIE (REF_ERNAEHRUNGSKATEGORIE_ID, REF_ZUTAT_ZUTATENNR) VALUES (1004,6408);



-- Rezepte
INSERT INTO REZEPT (ID, REZEPTNAME) VALUES (1001, "Wiener Würstchen mit Tomate- Mozarella Salat und Süßkartoffelpommes");
INSERT INTO REZEPT (ID, REZEPTNAME) VALUES (1002, "Gemüsepatties mit Salat");
INSERT INTO REZEPT (ID, REZEPTNAME) VALUES (1003, "Couscous-bowl");

INSERT INTO REF_REZEPT (REF_REZEPT_ID, REF_ZUTAT_ZUTATENNR) VALUES (1001,5001);
INSERT INTO REF_REZEPT (REF_REZEPT_ID, REF_ZUTAT_ZUTATENNR) VALUES (1001,1003);
INSERT INTO REF_REZEPT (REF_REZEPT_ID, REF_ZUTAT_ZUTATENNR) VALUES (1001,3002);
INSERT INTO REF_REZEPT (REF_REZEPT_ID, REF_ZUTAT_ZUTATENNR) VALUES (1001,1010);
INSERT INTO REF_REZEPT (REF_REZEPT_ID, REF_ZUTAT_ZUTATENNR) VALUES (1001,1006);

INSERT INTO REF_REZEPT (REF_REZEPT_ID, REF_ZUTAT_ZUTATENNR) VALUES (1002,1002);
INSERT INTO REF_REZEPT (REF_REZEPT_ID, REF_ZUTAT_ZUTATENNR) VALUES (1002,1011);
INSERT INTO REF_REZEPT (REF_REZEPT_ID, REF_ZUTAT_ZUTATENNR) VALUES (1002,1005);
INSERT INTO REF_REZEPT (REF_REZEPT_ID, REF_ZUTAT_ZUTATENNR) VALUES (1002,4001);
INSERT INTO REF_REZEPT (REF_REZEPT_ID, REF_ZUTAT_ZUTATENNR) VALUES (1002,1012);
INSERT INTO REF_REZEPT (REF_REZEPT_ID, REF_ZUTAT_ZUTATENNR) VALUES (1002,1009);
INSERT INTO REF_REZEPT (REF_REZEPT_ID, REF_ZUTAT_ZUTATENNR) VALUES (1002,6300);
INSERT INTO REF_REZEPT (REF_REZEPT_ID, REF_ZUTAT_ZUTATENNR) VALUES (1002,1003);
INSERT INTO REF_REZEPT (REF_REZEPT_ID, REF_ZUTAT_ZUTATENNR) VALUES (1002,1007);

INSERT INTO REF_REZEPT (REF_REZEPT_ID, REF_ZUTAT_ZUTATENNR) VALUES (1003,6408);
INSERT INTO REF_REZEPT (REF_REZEPT_ID, REF_ZUTAT_ZUTATENNR) VALUES (1003,7043);
INSERT INTO REF_REZEPT (REF_REZEPT_ID, REF_ZUTAT_ZUTATENNR) VALUES (1003,1008);
INSERT INTO REF_REZEPT (REF_REZEPT_ID, REF_ZUTAT_ZUTATENNR) VALUES (1003,1002);
INSERT INTO REF_REZEPT (REF_REZEPT_ID, REF_ZUTAT_ZUTATENNR) VALUES (1003,1003);
INSERT INTO REF_REZEPT (REF_REZEPT_ID, REF_ZUTAT_ZUTATENNR) VALUES (1003,1005);
INSERT INTO REF_REZEPT (REF_REZEPT_ID, REF_ZUTAT_ZUTATENNR) VALUES (1003,1007);
INSERT INTO REF_REZEPT (REF_REZEPT_ID, REF_ZUTAT_ZUTATENNR) VALUES (1003,1009);
INSERT INTO REF_REZEPT (REF_REZEPT_ID, REF_ZUTAT_ZUTATENNR) VALUES (1003,9001);